,Supporter,Iron,Bronze / Rollup,Silver / Small Table,Gold / Big Table,Platinum / Zone,Diamond / Partner
Price,€750,"€1,500","€2,250","€4,500","€7,500","€11,500","€19,000"
Available,∞,∞,5 available,6 available,2 available,3 available,exclusive
Tickets Included,-,1 ticket,1 ticket,2 tickets,3 tickets,4 tickets,6 tickets
Additional Tickets,2 tickets at 5%,2 tickets at 7.5%,4 tickets at 10%,6 tickets at 20%,8 tickets at 30%,10 tickets at 40%,12 tickets at 50%
Furniture,-,-,Rollup at entrance,Table + Rollup,Big table or 2x small table,Custom,Custom
Floor Area,-,-,-,2x2m,2x5m,~35m²,~54m²
Logo on Website,Very small,Very small,Small,Medium size,Big,Very big,Very big
Logo in Email Communication,Very small,Very small,Small,Medium size,Big,Very big,Very big
Logo in Talk Recordings,,Very small,Small,Medium size,Big,Dedicated Slide,On full video (pip frame)
Logo on Screen During Breaks,,Very small,Small,Medium size,Big,Dedicated Slide,Dedicated Slide
"Social Media Promotion",,1 shared,1 shared 1 dedicated,2 dedicated,3 dedicated,4 dedicated,6 dedicated
Virtual Swag / Job Ad,,,✔,✔,✔,✔,✔
Sponsor track demo / workshop,,,,✔,✔,✔,✔
Speaker Dinner Seats,,,,,1 seat,2 seats,4 seats
Roll-up at main stage,,,,,,,✔